window,n_visible_tau,n_actions,lp_success,lp_solve_ms,lp_fractional_value,lp_rounded_expected_value,greedy_expected_value,lp_rounding_gap,lp_rounding_gap_rel,lighting_U1,conveyor_speed_V_mps,full_bins,lp_selected_count,lp_true_value,lp_correct_bin_rate,lp_contamination_events,lp_robot_utilization,greedy_selected_count,greedy_true_value,greedy_correct_bin_rate,greedy_contamination_events,greedy_robot_utilization,missed_positive_value_lp_proxy
0,9,42,True,7.679540999999901,0.6745241029630655,0.5124935147929667,0.5124935147929667,0.16203058817009885,0.24021467499578894,dim,0.25,HDPE,2,1.1549110822291913,1.0,0,0.6414062500000001,2,1.1549110822291913,1.0,0,0.6414062500000001,1.1030676092621086
1,12,49,True,0.7885420000000032,2.5505222474557088,2.536914226480818,2.536914226480818,0.013608020974890778,0.005335386111007482,standard,0.65,,3,2.8452315819455785,1.0,0,0.7578125,3,2.8452315819455785,1.0,0,0.7578125,1.018765773738187
2,8,21,True,0.749542000000103,1.0347626368796554,0.5928185733974481,0.5928185733974481,0.44194406348220727,0.42709704402827803,standard,0.45,,1,0.7342025429329162,1.0,0,0.265625,1,0.7342025429329162,1.0,0,0.265625,1.1404963620640491
3,9,42,True,0.49616599999979805,0.6649438077254488,0.6649438077254488,0.6649438077254488,0.0,0.0,dim,0.65,,2,1.137292601695052,1.0,0,0.5445312499999999,2,1.137292601695052,1.0,0,0.5445312499999999,0.3900848741123246
4,8,25,True,0.48404200000007336,0.5259702105436648,0.5259702105436648,0.4879631607451644,0.0,0.0,standard,0.85,"PET,HDPE",1,0.833494286021089,1.0,0,0.234375,2,0.8360615429617563,1.0,0,0.57890625,0.05063673009198444
5,6,10,True,0.45125000000001414,0.20653033031709858,0.20653033031709858,0.20653033031709858,0.0,0.0,standard,0.65,"metal,glass",1,0.33203003159790856,1.0,0,0.29687499999999994,1,0.33203003159790856,1.0,0,0.29687499999999994,0.0
6,10,18,True,0.5150000000000432,0.31478060978484024,0.29054750808626545,0.08721432919716543,0.024233101698574788,0.07698409922751807,dim,0.65,organic,1,0.7109306777196222,1.0,0,0.328125,2,0.7994399715010329,1.0,0,0.6398437499999999,0.7069545469488058
7,6,30,True,0.7140419999998038,1.2092974490299224,0.6501359754721678,0.3582494103277789,0.5591614735577546,0.4623853907955435,standard,0.65,metal,1,0.8488216035247155,1.0,0,0.265625,2,0.5444373720618788,0.5,1,0.51171875,1.0977602456583622
8,7,28,True,0.5618330000001226,0.6391710208610274,0.6201414433919199,0.4846880268720236,0.019029577469107495,0.029772278229186218,standard,0.25,,1,0.913830813053953,1.0,0,0.234375,2,0.9567435297857529,1.0,0,0.57890625,0.32445210507226596
9,8,20,True,0.5601250000000224,0.22251405978260547,0.22251405978260547,0.15753821500029436,0.0,0.0,standard,0.45,"HDPE,glass",1,0.26739743337980176,1.0,0,0.34453125,2,0.32327056339836036,1.0,0,0.6414062500000001,0.05587313001855859
10,8,42,True,0.5675410000001158,2.69794104769298,1.9032853241632568,1.9789935093209245,0.7946557235297231,0.29454154463798843,standard,0.65,,2,2.0971446220727357,1.0,0,0.51328125,3,2.323021302284359,1.0,0,0.77890625,1.7202133225646037
11,7,28,True,0.5032910000000168,1.254337453221111,1.254337453221111,1.254337453221111,0.0,0.0,standard,0.45,,2,1.8483275765712113,1.0,0,0.51171875,2,1.8483275765712113,1.0,0,0.51171875,0.04158882532328989
12,9,36,True,0.5293339999998814,1.3924391495253607,0.9038281340339112,0.9038281340339112,0.4886110154914496,0.35090295734503146,standard,0.45,hazard,2,1.0036298972951065,1.0,0,0.6414062500000001,2,1.0036298972951065,1.0,0,0.6414062500000001,1.3003842063939943
13,7,18,True,0.5752500000000271,1.7539169665726688,0.9340149692819832,0.9340149692819832,0.8199019972906856,0.4674691065295166,standard,0.85,organic,1,1.113522565589384,1.0,0,0.265625,1,1.113522565589384,1.0,0,0.265625,1.537039018613843
14,10,30,True,0.5409579999999803,0.8053789295070213,0.8053789295070213,0.8053789295070213,0.0,0.0,dim,0.65,glass,2,1.4855595621630961,1.0,0,0.5,2,1.4855595621630961,1.0,0,0.5,0.8944249108518105
15,11,30,True,0.6682920000000703,1.3566283166549404,1.3566283166549402,1.3566283166549404,2.220446049250313e-16,1.6367386866325343e-16,standard,0.25,metal,3,2.0683394535498696,1.0,0,0.81171875,3,2.0683394535498696,1.0,0,0.81171875,0.3221270577869775
16,7,28,True,0.4556249999998485,1.8570392859519034,1.8570392859519034,1.8570392859519034,0.0,0.0,standard,0.45,,2,2.1346424237752974,1.0,0,0.57421875,2,2.1346424237752974,1.0,0,0.57421875,0.06808960925936525
17,10,63,True,0.660333000000124,2.138114803883655,1.5007311270760848,1.526846638097606,0.6373836768075702,0.29810545048836085,standard,0.45,,2,1.967648109166857,1.0,0,0.48046875,3,2.006536863668093,1.0,0,0.74609375,1.6037958913939279
18,12,42,True,0.8193340000000049,1.150547815946415,0.9026074228153963,0.9123034160539494,0.2479403931310188,0.21549768701013833,standard,0.85,,2,1.0775250119220585,1.0,0,0.61015625,3,1.1277492408855034,1.0,0,0.84453125,0.690564411086656
19,12,35,True,0.550834,1.632085690780093,1.1378846484296983,1.1378846484296983,0.49420104235039464,0.30280336696915705,standard,0.45,,2,1.3925484384190274,1.0,0,0.6398437499999999,2,1.3925484384190274,1.0,0,0.6398437499999999,1.2552469789989096
20,6,21,True,0.5127500000001728,2.293027227010368,1.5861137465223227,1.5861137465223227,0.7069134804880455,0.3082883064627689,standard,0.45,,2,1.7177398709855831,1.0,0,0.5445312499999999,2,1.7177398709855831,1.0,0,0.5445312499999999,1.180619230505966
21,6,35,True,0.515667000000164,1.3287216813470304,1.3072081460788385,0.7855817326872095,0.021513535268191886,0.01619115242131212,dim,0.85,,2,1.679642337005106,1.0,0,0.6070312499999999,2,1.0613894351896045,1.0,0,0.5445312499999999,1.1340985632428833
22,9,21,True,0.680082999999998,1.511855383846966,1.3397568606779513,1.3397568606779513,0.17209852316901464,0.11383266217639432,standard,0.45,,2,1.6038175370077812,1.0,0,0.6070312499999999,2,1.6038175370077812,1.0,0,0.6070312499999999,0.6091400111708549
23,10,36,True,0.5468749999999467,1.5750854152616098,1.4715521642038785,0.9217330473950773,0.10353325105773137,0.0657318327339951,standard,0.85,glass,2,1.6560373326337854,1.0,0,0.5757812499999999,1,0.9409389982871073,1.0,0,0.265625,1.3542196341117037
24,4,28,True,0.5054589999999859,0.05403778498920528,0.03159271549234705,0.03159271549234705,0.022445069496858226,0.4153587994278801,standard,0.45,,1,0.1230823281499599,1.0,0,0.27890624999999997,1,0.1230823281499599,1.0,0,0.27890624999999997,0.2518271894607758
25,7,35,True,0.8040000000000269,0.3004517519217606,0.3004517519217606,0.3004517519217606,0.0,0.0,standard,0.25,,2,0.5948138445023481,1.0,0,0.6070312499999999,2,0.5948138445023481,1.0,0,0.6070312499999999,0.20390394747011964
26,5,14,True,0.4697919999998579,0.12008688471565288,0.12008688471565288,0.12008688471565288,0.0,0.0,standard,0.85,,2,0.3318051547363715,1.0,0,0.5,2,0.3318051547363715,1.0,0,0.5,0.0
27,10,63,True,0.6333339999999854,2.360842630222076,1.6077544478786026,1.6077544478786026,0.7530881823434736,0.31899126722929144,standard,0.45,,2,1.7223041329606041,1.0,0,0.51171875,2,1.7223041329606041,1.0,0,0.51171875,2.1325051135070754
28,9,28,True,0.5289170000000176,0.7013095888872866,0.7013095888872866,0.5821349828692894,0.0,0.0,standard,0.65,,1,0.9199209366602034,1.0,0,0.234375,3,1.0256710626187941,1.0,0,0.81328125,1.037050416512086
29,11,63,True,0.7074579999999386,1.7494435514832327,1.0962791967420296,1.6187452467729848,0.6531643547412032,0.3733554901999725,standard,0.25,,2,1.166931221604189,1.0,0,0.5445312499999999,3,2.1147062153047536,1.0,0,0.77890625,3.0888076327870326
30,12,49,True,0.5429999999999602,0.7209610298697366,0.7209610298697366,0.7209610298697366,0.0,0.0,dim,0.45,,3,1.7802726229762973,1.0,0,0.7789062499999999,3,1.7802726229762973,1.0,0,0.7789062499999999,0.9705778139563535
31,8,24,True,0.8790830000000582,1.270929980691709,0.7429239412351641,0.7429239412351641,0.5280060394565448,0.4154485671737599,dim,0.25,organic,1,0.9990692860916981,1.0,0,0.27890624999999997,1,0.9990692860916981,1.0,0,0.27890624999999997,2.019630914999448
32,8,30,True,0.5736250000001331,0.933938693019756,0.933938693019756,0.933938693019756,0.0,0.0,poor,0.45,organic,2,2.2086486739195488,1.0,0,0.57421875,2,2.2086486739195488,1.0,0,0.57421875,0.3385937683222635
33,5,14,True,0.43075000000003527,0.7343115183222737,0.7343115183222737,0.7343115183222737,0.0,0.0,standard,0.65,,2,1.0659624947618813,1.0,0,0.5445312499999999,2,1.0659624947618813,1.0,0,0.5445312499999999,0.0
34,9,35,True,0.5108330000000993,1.1887958360950388,1.1739043924217725,1.1739043924217725,0.014891443673266336,0.012526493802486563,standard,0.85,,2,1.3685657370997348,1.0,0,0.5445312499999999,2,1.3685657370997348,1.0,0,0.5445312499999999,0.5347127851296314
35,4,21,True,0.5174999999999486,-0.0,0.0,-0.18989131062537865,0.0,0.0,standard,0.45,,0,0.0,1.0,0,0.0,2,-0.05788314668524853,1.0,0,0.6085937499999999,0.02222873427320462
36,5,21,True,0.6591659999999333,1.0527324382211762,1.0405296547397866,1.0405296547397866,0.01220278348138959,0.01159153364933723,standard,0.45,,2,1.2593962159825298,1.0,0,0.67265625,2,1.2593962159825298,1.0,0,0.67265625,0.6550985647497751
37,4,7,True,0.4135000000000666,-0.0,0.0,-0.12487988829619415,0.0,0.0,dim,0.65,,0,0.0,1.0,0,0.0,1,-0.15426054006225817,0.0,1,0.328125,0.018482223692013043
38,5,0,False,0.0,0.0,0.0,0.0,0.0,0.0,standard,0.65,,0,0.0,1.0,0,0.0,0,0.0,1.0,0,0.0,0.0
39,6,21,True,0.4849579999999243,0.3004677442745373,0.25293827157093673,0.24163560577703963,0.047529472703600584,0.15818494200885974,standard,0.85,,1,0.2971738180507629,1.0,0,0.29687499999999994,2,0.31230091129771886,1.0,0,0.6085937499999999,0.17120307205996244
40,10,42,True,0.5101670000000613,0.3661103114902946,0.3661103114902946,0.23495905481139198,0.0,0.0,poor,0.25,cardboard,1,0.9775268155026633,1.0,0,0.234375,2,0.937441929677346,1.0,0,0.57890625,0.012464741483262598
41,9,21,True,0.4464999999997943,1.4009173173432787,1.4009173173432787,1.4009173173432787,0.0,0.0,standard,0.45,,2,1.5222421845535226,1.0,0,0.5773437499999999,2,1.5222421845535226,1.0,0,0.5773437499999999,0.116014564350579
42,11,66,True,0.5977079999999191,1.106047985872515,1.106047985872515,1.032557658036422,0.0,0.0,dim,0.65,PET,3,1.9984764527875285,1.0,0,0.7265625,4,2.144312433890721,1.0,0,0.9921875,0.5058046954850397
43,4,12,True,0.40916699999993256,0.6020455474011008,0.6020455474011008,0.5064205954581359,0.0,0.0,standard,0.25,HDPE,1,0.7833725460114705,1.0,0,0.265625,2,0.8273727772698068,1.0,0,0.61015625,0.0440002312583363
44,5,7,True,0.3840419999998623,-0.0,0.0,-0.09751138928058478,0.0,0.0,dim,0.85,,0,0.0,1.0,0,0.0,1,0.01647686652284369,1.0,0,0.31171875,0.01647686652284369
45,8,25,True,0.5014169999999485,0.11144275061318587,0.10526637115098002,-0.12727005693842372,0.006176379462205853,0.05542199405723449,dim,0.45,"PET,metal",2,0.5923527706606302,1.0,0,0.61015625,2,0.18549632209327005,0.5,1,0.6070312499999999,0.4347175383261723
46,12,30,True,0.618207999999898,0.8236777005859466,0.6222390098672472,0.6222390098672472,0.20143869071869935,0.24456008773261703,standard,0.65,glass,2,0.9281530601638317,1.0,0,0.6414062500000001,2,0.9281530601638317,1.0,0,0.6414062500000001,1.0622673927690505
47,5,30,True,0.5232919999997865,0.5926957046517873,0.5926957046517873,0.5926957046517873,0.0,0.0,dim,0.25,organic,2,1.1459939407741615,1.0,0,0.5445312499999999,2,1.1459939407741615,1.0,0,0.5445312499999999,0.461841393099482
48,5,21,True,0.459417000000073,1.2610258086870711,1.2610258086870711,1.2610258086870711,0.0,0.0,standard,0.65,,2,1.7782475225203012,1.0,0,0.54296875,2,1.7782475225203012,1.0,0,0.54296875,0.032254062793745764
49,8,18,True,0.6187920000000346,0.5060222506495415,0.5060222506495415,0.5060222506495415,0.0,0.0,standard,0.85,cardboard,1,0.7624412459171929,1.0,0,0.265625,1,0.7624412459171929,1.0,0,0.265625,0.7466527680706828
50,9,49,True,0.5954159999999042,2.0913357135781063,1.62405683612596,1.62405683612596,0.46727887745214636,0.22343561314346322,dim,0.45,,2,2.060613302751395,1.0,0,0.51171875,2,2.060613302751395,1.0,0,0.51171875,1.4586914591499887
51,6,28,True,0.4931670000001276,0.6960120621359276,0.6960120621359276,0.6960120621359276,0.0,0.0,dim,0.25,,2,1.1978274189796632,1.0,0,0.6070312499999999,2,1.1978274189796632,1.0,0,0.6070312499999999,0.42597793803144546
52,10,28,True,0.4848749999999402,0.3731991226915349,0.3731991226915349,0.3649690790546294,0.0,0.0,standard,0.45,,1,0.447156354174417,1.0,0,0.24609375000000003,2,0.4721953635494826,1.0,0,0.54296875,0.045738357790192696
53,6,7,True,0.41512499999996066,0.06591933008004118,0.06591933008004118,0.06591933008004118,0.0,0.0,standard,0.65,,1,0.2172559032506785,1.0,0,0.265625,1,0.2172559032506785,1.0,0,0.265625,0.0
54,5,28,True,0.6667909999999999,2.551420253245981,1.9192301690571845,1.9192301690571845,0.6321900841887964,0.24777967619583968,standard,0.25,,2,2.300647441558885,1.0,0,0.51171875,2,2.300647441558885,1.0,0,0.51171875,1.1376214878109039
55,7,21,True,0.5890829999999347,0.8141632647159438,0.4556271321490199,0.4556271321490199,0.3585361325669239,0.4403737531587289,standard,0.45,,1,0.5566816426267007,1.0,0,0.265625,1,0.5566816426267007,1.0,0,0.265625,1.0240360898496224
56,4,14,True,0.4746250000000618,1.6481964678655672,1.2331214752465491,1.2331214752465491,0.41507499261901804,0.25183587072998936,standard,0.85,,1,1.2858424947233282,1.0,0,0.234375,1,1.2858424947233282,1.0,0,0.234375,0.6413203394506395
57,12,24,True,0.463749999999985,0.7455408789949856,0.7455408789949856,0.6771951129076266,0.0,0.0,standard,0.45,HDPE,2,0.9313194136342469,1.0,0,0.5,3,1.2010209169183246,1.0,0,0.77890625,1.133729057390197
58,6,28,True,0.43645800000002843,0.5000308301922571,0.5000308301922571,0.5000308301922571,0.0,0.0,dim,0.25,,2,1.1879427231594648,1.0,0,0.6070312499999999,2,1.1879427231594648,1.0,0,0.6070312499999999,0.3370078364566771
59,6,21,True,0.49154200000001147,0.7336456259101276,0.4990175773773565,0.4990175773773565,0.23462804853277108,0.3198111462079558,standard,0.65,,1,0.6257115785139415,1.0,0,0.234375,1,0.6257115785139415,1.0,0,0.234375,0.47049952389380323
60,7,21,True,0.41166700000005996,0.14490708073521905,0.14490708073521905,0.05483723608799468,0.0,0.0,dim,0.45,,1,0.46516202059026246,1.0,0,0.29687499999999994,2,0.3272125175613493,0.5,1,0.6414062500000001,0.07608996129903656
61,4,12,True,0.3946249999999818,0.8829619587962315,0.8829619587962315,0.7507009647169361,0.0,0.0,standard,0.65,PET,1,0.9080889127953637,1.0,0,0.265625,2,0.7637814097563005,0.5,1,0.5773437499999999,0.0
62,5,24,True,0.4107920000000487,0.804433472214276,0.804433472214276,0.8013283490465967,0.0,0.0,standard,0.25,metal,1,0.9729377686301872,1.0,0,0.27890624999999997,2,0.9931012570501538,1.0,0,0.5757812499999999,0.06987105950676131
63,9,25,True,0.5531659999999938,0.7990190781734117,0.6822658855602665,0.36871651852985066,0.1167531926131452,0.14612065694357074,standard,0.65,"organic,hazard",1,0.912650533840022,1.0,0,0.265625,2,0.5440189227405836,0.5,1,0.5445312499999999,0.2138595438447325
64,12,60,True,0.6171249999999961,3.4137299746134078,3.0069796804618556,3.0069796804618556,0.40675029415155217,0.11915127944400908,standard,0.45,hazard,3,3.8165381460626695,1.0,0,0.71484375,3,3.8165381460626695,1.0,0,0.71484375,2.079220664108251
65,8,21,True,0.6070420000001686,0.7404213137956047,0.44916589053854916,0.44916589053854916,0.29125542325705556,0.3933644505234454,dim,0.85,,1,0.7164117051808325,1.0,0,0.29687499999999994,1,0.7164117051808325,1.0,0,0.29687499999999994,0.9280952720508833
66,12,49,True,1.022834000000028,3.069929587803208,2.8603572185578683,2.8603572185578683,0.20957236924533973,0.06826618111306791,standard,0.65,,3,3.3252412357380434,1.0,0,0.77890625,3,3.3252412357380434,1.0,0,0.77890625,1.678811053721657
67,8,35,True,0.6349159999998744,0.6850292894787606,0.5691247415636556,0.5691247415636556,0.11590454791510507,0.16919648501934412,standard,0.65,,1,0.6625001242572737,1.0,0,0.328125,1,0.6625001242572737,1.0,0,0.328125,0.6723805222739065
68,5,21,True,0.43966699999997694,0.5842875670484876,0.5842875670484876,0.5496530908061836,0.0,0.0,standard,0.45,,1,0.7348543030614441,1.0,0,0.265625,2,0.7497349875066392,1.0,0,0.5773437499999999,0.014880684445195191
69,4,14,True,0.40345799999985665,0.4623700906679323,0.4623700906679323,0.4623700906679323,0.0,0.0,poor,0.25,,2,1.7026876193275007,1.0,0,0.57421875,2,1.7026876193275007,1.0,0,0.57421875,0.0
70,6,12,True,0.3913330000000492,0.11266099614444494,0.11266099614444494,-0.031121934242163113,0.0,0.0,dim,0.85,HDPE,1,0.3043329882866486,1.0,0,0.34453125,2,0.14754348747292748,0.5,1,0.57890625,0.0
71,11,42,True,0.535417000000038,1.1872152494327288,0.9563711924876068,0.9563711924876068,0.230844056945122,0.1944416204689277,standard,0.45,,2,1.2301885956911236,1.0,0,0.57421875,2,1.2301885956911236,1.0,0,0.57421875,0.7867478487635973
72,12,56,True,0.7171669999999075,1.3022789847579805,0.9264354651633732,0.9264354651633732,0.3758435195946074,0.2886044572580239,dim,0.65,,2,1.402835557322022,1.0,0,0.67265625,2,1.402835557322022,1.0,0,0.67265625,2.34146215886136
73,9,36,True,0.5434579999998856,1.1039971609286559,0.6662357323126007,0.6662357323126007,0.43776142861605516,0.3965240528769302,dim,0.45,glass,2,1.3850724717213128,1.0,0,0.5445312499999999,2,1.3850724717213128,1.0,0,0.5445312499999999,1.6024786063243752
74,9,14,True,0.4508329999999283,0.812827501719437,0.6549473422107801,0.6549473422107801,0.15788015950865686,0.19423575011263858,standard,0.85,,1,0.8325055287427523,1.0,0,0.234375,1,0.8325055287427523,1.0,0,0.234375,0.41483036093457093
75,5,28,True,0.47508400000007,1.122530451794442,1.097025070196413,1.097025070196413,0.025505381598029064,0.022721327120575622,standard,0.45,,2,1.202918893890415,1.0,0,0.5445312499999999,2,1.202918893890415,1.0,0,0.5445312499999999,0.2887541711718593
76,10,42,True,0.5094580000000182,1.4601520216399217,1.327720762036538,1.327720762036538,0.13243125960338364,0.09069689843297811,standard,0.25,,2,1.6453551582717663,1.0,0,0.54296875,2,1.6453551582717663,1.0,0,0.54296875,0.6375058302465924
77,9,35,True,0.5343749999999758,2.808845088148928,2.7890310869214905,2.7890310869214905,0.019814001227437483,0.007054145246755211,standard,0.65,,3,3.0877729706130057,1.0,0,0.8203125,3,3.0877729706130057,1.0,0,0.8203125,1.455880060485589
78,6,21,True,0.5515000000000381,0.8765150777692973,0.8765150777692973,0.8765150777692973,0.0,0.0,standard,0.65,,2,1.2098873771196978,1.0,0,0.6414062500000001,2,1.2098873771196978,1.0,0,0.6414062500000001,0.07969232828187223
79,7,35,True,0.5240409999998086,1.8040364579232213,1.4688121799977885,1.4688121799977885,0.33522427792543286,0.18581901516077887,standard,0.25,,2,1.658620842227691,1.0,0,0.61015625,2,1.658620842227691,1.0,0,0.61015625,0.7786828478884213
80,11,48,True,0.5392920000000245,1.2120741589910895,0.6114279531176706,0.518426525348389,0.6006462058734189,0.49555235660942304,standard,0.25,PET,1,0.8562004588902037,1.0,0,0.234375,3,0.8988270198659407,0.6666666666666666,1,0.77890625,1.2103052073449094
81,12,48,True,0.5047499999999427,1.0654428866592922,0.7095447832501159,0.7095447832501159,0.35589810340917627,0.33403771132688176,dim,0.25,cardboard,2,1.3098310816177428,1.0,0,0.5445312499999999,2,1.3098310816177428,1.0,0,0.5445312499999999,1.9869551981751936
82,8,35,True,0.5245830000000229,1.4205316609718965,0.9895753323677391,0.9147259453246582,0.43095632860415745,0.3033767852166749,dim,0.65,,1,1.3170397796186346,1.0,0,0.29687499999999994,2,1.3537198518426767,1.0,0,0.5757812499999999,2.310204989489871
83,8,24,True,0.4266669999999362,1.404991400130192,1.404991400130192,1.404991400130192,0.0,0.0,dim,0.25,cardboard,2,2.1434447829136136,1.0,0,0.5445312499999999,2,2.1434447829136136,1.0,0,0.5445312499999999,0.15857137887688744
84,4,15,True,0.44966700000004245,0.8118268539736087,0.8118268539736087,0.8118268539736087,0.0,0.0,standard,0.25,"HDPE,cardboard",1,1.0847539419873062,1.0,0,0.328125,1,1.0847539419873062,1.0,0,0.328125,0.0
85,10,42,True,0.5230410000001129,1.2631539141617716,1.1525328111048223,1.1525328111048223,0.11062110305694928,0.08757531589517925,standard,0.45,,2,1.364304431671924,1.0,0,0.67265625,2,1.364304431671924,1.0,0,0.67265625,0.7208985752832879
86,7,35,True,0.49712499999987614,1.196700892397641,0.7564294389285539,0.7564294389285539,0.44027145346908714,0.3679043412318216,standard,0.25,,2,0.9335281472824202,1.0,0,0.5445312499999999,2,0.9335281472824202,1.0,0,0.5445312499999999,1.4181822944303353
87,5,24,True,0.4313750000000116,0.9629959636059198,0.9629959636059198,0.9629959636059198,0.0,0.0,standard,0.25,metal,2,1.1032863309367869,1.0,0,0.5445312499999999,2,1.1032863309367869,1.0,0,0.5445312499999999,0.01158717585400515
88,11,63,True,0.6638749999998694,1.444301798584747,1.0713870821325082,1.0713870821325082,0.37291471645223884,0.2581972249966407,dim,0.25,,2,1.5153031547338995,1.0,0,0.54296875,2,1.5153031547338995,1.0,0,0.54296875,2.2087952615439725
89,4,28,True,0.7739589999999907,1.3333328589083486,0.9544877445651132,0.9544877445651132,0.3788451143432354,0.2841339368576056,standard,0.25,,2,1.0959324643779285,1.0,0,0.5757812499999999,2,1.0959324643779285,1.0,0,0.5757812499999999,0.670865075326788
90,5,21,True,0.5659159999999996,0.4630509078939557,0.4630509078939557,0.4630509078939557,0.0,0.0,dim,0.25,,1,0.7588687685255217,1.0,0,0.265625,1,0.7588687685255217,1.0,0,0.265625,0.1574581024520928
91,4,14,True,0.4398329999999451,0.5784705961025679,0.5784705961025679,0.5784705961025679,0.0,0.0,standard,0.25,,2,1.0112739173230625,1.0,0,0.5773437499999999,2,1.0112739173230625,1.0,0,0.5773437499999999,0.0
92,6,28,True,0.52316699999988,1.4056219688156208,0.8150042198824522,0.8150042198824522,0.5906177489331687,0.4201824971694374,standard,0.45,,1,0.8483371104455646,1.0,0,0.24609375000000003,1,0.8483371104455646,1.0,0,0.24609375000000003,1.4176428275153419
93,12,49,True,0.552000000000108,1.4451277582641897,1.132791725826944,1.132791725826944,0.3123360324372457,0.21613039445896956,standard,0.45,,2,1.504244701450486,1.0,0,0.5773437499999999,2,1.504244701450486,1.0,0,0.5773437499999999,1.2018283310931621
94,7,35,True,0.761624999999988,1.4941355019713327,1.1961305837284264,1.1762959451196981,0.2980049182429063,0.1994497271831936,dim,0.65,,1,1.5438257710083938,1.0,0,0.24609375000000003,2,1.786787361926541,1.0,0,0.54296875,1.4136800898787454
95,4,21,True,0.5763340000000117,0.4953403333113509,0.41265057548024764,0.41265057548024764,0.08268975783110327,0.16693524082386368,dim,0.65,,2,1.0688390488601807,1.0,0,0.6070312499999999,2,1.0688390488601807,1.0,0,0.6070312499999999,0.272576734909282
96,11,35,True,0.7235420000000214,2.9003645320047013,2.138831702951223,2.138831702951223,0.7615328290534782,0.2625645227178098,standard,0.85,,2,2.3233260234636717,1.0,0,0.51171875,2,2.3233260234636717,1.0,0,0.51171875,1.2876863007036468
97,4,14,True,0.4841250000000574,0.7642683144520521,0.7642683144520521,0.7642683144520521,0.0,0.0,standard,0.85,,1,0.8991588278457419,1.0,0,0.265625,1,0.8991588278457419,1.0,0,0.265625,0.13631510602478447
98,11,77,True,0.6454590000000149,1.0345037593019926,0.7924843356500498,0.7924843356500498,0.24201942365194273,0.2339473602447223,standard,0.45,,2,1.0588351039077657,1.0,0,0.5773437499999999,2,1.0588351039077657,1.0,0,0.5773437499999999,1.098061595304367
99,10,28,True,0.6453330000000257,1.5747782860611341,1.0265624255070342,1.0468530546098291,0.5482158605540999,0.34812256773320643,standard,0.85,,2,1.6922347185265725,1.0,0,0.51171875,2,1.7384571785636684,1.0,0,0.5,1.660540511178557
100,4,12,True,0.5006670000000657,1.1323187014957465,1.1323187014957465,1.1323187014957465,0.0,0.0,standard,0.25,HDPE,2,1.282613828013661,1.0,0,0.5773437499999999,2,1.282613828013661,1.0,0,0.5773437499999999,0.0
101,4,14,True,0.4977910000001362,0.6033738970730613,0.6033738970730613,0.5816365458988604,0.0,0.0,standard,0.25,,1,0.7889141400896915,1.0,0,0.31171875,2,0.8275321192636196,1.0,0,0.6085937499999999,0.03861797917392806
102,10,24,True,0.508082999999937,1.271207657439155,1.271207657439155,1.271207657439155,0.0,0.0,standard,0.65,cardboard,2,1.5839256913504882,1.0,0,0.5757812499999999,2,1.5839256913504882,1.0,0,0.5757812499999999,0.0
103,12,42,True,0.5784159999999705,1.097486656199374,0.8230833603187253,0.8230833603187253,0.2744032958806486,0.25002882206414667,standard,0.65,,2,1.4079716163946636,1.0,0,0.6070312499999999,2,1.4079716163946636,1.0,0,0.6070312499999999,0.7112406388278614
104,7,12,True,0.413875000000008,0.6193394996266242,0.6193394996266242,0.4683602945128838,0.0,0.0,standard,0.65,HDPE,1,0.8163438449760336,1.0,0,0.328125,2,0.617947169801436,0.5,1,0.67265625,0.022051076892809385
105,12,30,True,0.527667000000065,0.6924533331564767,0.6924533331564767,0.6924533331564767,0.0,0.0,standard,0.65,HDPE,2,0.939326925967827,1.0,0,0.5,2,0.939326925967827,1.0,0,0.5,0.299561381697385
106,5,10,True,0.5122919999998032,0.19447316731809866,0.19447316731809866,0.19447316731809866,0.0,0.0,standard,0.65,"HDPE,organic",1,0.26662273109353507,1.0,0,0.34453125,1,0.26662273109353507,1.0,0,0.34453125,0.0
107,7,49,True,0.565874999999938,3.1277683840523274,1.9029500669917203,1.9387393223045388,1.224818317060607,0.39159495418702844,standard,0.45,,2,2.1079368616105327,1.0,0,0.51328125,3,2.1866049395628453,1.0,0,0.74609375,2.92905782978091
108,8,28,True,0.5387079999998878,0.9275168560155413,0.751062504056133,0.751062504056133,0.1764543519594084,0.1902438223251565,standard,0.45,,2,0.988529800259764,1.0,0,0.6414062500000001,2,0.988529800259764,1.0,0,0.6414062500000001,0.6974776009353532
109,4,21,True,0.4482500000000389,-0.0,0.0,-0.3263548836947534,0.0,0.0,standard,0.85,,0,0.0,1.0,0,0.0,2,0.039004842528654785,1.0,0,0.57890625,0.0937444238622315
110,6,21,True,0.4644170000001058,1.3451778754112957,1.3451778754112957,1.3451778754112957,0.0,0.0,standard,0.85,,2,1.603776407872254,1.0,0,0.5,2,1.603776407872254,1.0,0,0.5,0.29414689157974405
111,8,30,True,0.4353339999998429,0.7022254546490506,0.7022254546490506,0.5391182484919285,0.0,0.0,standard,0.45,PET,1,0.9736387739523288,1.0,0,0.24609375000000003,2,0.7492170247969562,0.5,1,0.57421875,0.3640352241044512
112,4,14,True,0.42412500000010844,-0.0,0.0,-0.07197399769167198,0.0,0.0,poor,0.85,,0,0.0,1.0,0,0.0,1,0.23586847380477455,1.0,0,0.265625,0.23586847380477455
113,7,24,True,0.5098329999999596,0.8159644991871017,0.6891098030616551,0.46383394693619023,0.12685469612544653,0.15546595011403627,standard,0.85,"cardboard,metal,organic",1,0.7615895371617161,1.0,0,0.265625,2,0.5321920981291474,0.5,1,0.61015625,0.37485317225178183
114,5,0,False,0.0,0.0,0.0,0.0,0.0,0.0,standard,0.65,PET,0,0.0,1.0,0,0.0,0,0.0,1.0,0,0.0,0.0
115,4,14,True,0.5937090000001088,0.2486586443058603,0.2486586443058603,0.2486586443058603,0.0,0.0,standard,0.45,,2,0.5503854719126855,1.0,0,0.61015625,2,0.5503854719126855,1.0,0,0.61015625,0.0
116,9,21,True,0.573874999999946,0.43429970006907237,0.2979280146479649,0.2979280146479649,0.13637168542110745,0.3140036371183735,standard,0.45,,2,0.5278507146088098,1.0,0,0.5757812499999999,2,0.5278507146088098,1.0,0,0.5757812499999999,0.3030206186789193
117,8,12,True,0.4685419999999052,0.4658360447934488,0.35399255783208006,0.35399255783208006,0.11184348696136875,0.2400919555526452,poor,0.45,glass,1,0.8925712316279388,1.0,0,0.34453125,1,0.8925712316279388,1.0,0,0.34453125,0.6013987960898066
118,10,35,True,0.46162500000002105,1.8151344141963563,1.8151344141963563,1.8151344141963563,0.0,0.0,dim,0.25,,3,3.1311964286480873,1.0,0,0.7804687499999999,3,3.1311964286480873,1.0,0,0.7804687499999999,0.0292827530903641
119,12,21,True,0.5055410000001093,0.2544271109427796,0.17113900286952916,0.05501888554848883,0.08328810807325043,0.3273554762486842,poor,0.85,,1,0.7470158449026407,1.0,0,0.31171875,2,1.0889917729791885,1.0,0,0.6398437499999999,1.073353649920353
120,5,28,True,0.5298330000000906,0.1806303549886228,0.14819295043453254,0.09452029755749473,0.03243740455409025,0.17957892269067044,standard,0.65,,1,0.33427193545819567,1.0,0,0.234375,2,0.3255817051124059,1.0,0,0.48046875,0.15686591306290193
121,12,14,True,0.4089169999998976,0.9286878966800125,0.9286878966800125,0.9286878966800125,0.0,0.0,standard,0.85,,2,1.1848664536288105,1.0,0,0.6070312499999999,2,1.1848664536288105,1.0,0,0.6070312499999999,0.0
122,7,30,True,0.46283399999991204,-0.0,0.0,-0.3171498034052158,0.0,0.0,dim,0.65,PET,0,0.0,1.0,0,0.0,2,-0.0787002575434008,0.5,1,0.6085937499999999,0.15645796339344392
123,11,36,True,0.6869169999998981,1.9915233879985244,1.5195037450063116,1.5195037450063116,0.4720196429922128,0.23701436088410252,standard,0.65,hazard,2,1.6867446177049912,1.0,0,0.5445312499999999,2,1.6867446177049912,1.0,0,0.5445312499999999,1.7232179337766333
124,5,15,True,0.47074999999985323,0.7073467279769761,0.6281315127630986,-0.37233999864532685,0.07921521521387742,0.11198922972392099,standard,0.25,"metal,hazard",1,0.6427400080459864,1.0,0,0.31171875,2,-0.6065142381802782,0.5,1,0.5460937499999999,0.20376465013373046
125,7,35,True,0.4914580000001667,1.0662847936107371,0.8033556219374013,0.6735322181675562,0.26292917167333585,0.24658437712778825,standard,0.25,,1,0.9197353264074122,1.0,0,0.265625,2,0.895429679628267,1.0,0,0.61015625,0.8523303413963921
126,6,12,True,0.43166600000010824,1.4072612056143456,1.4072612056143456,1.2812426482956276,0.0,0.0,standard,0.85,organic,1,1.5446443348406307,1.0,0,0.24609375000000003,2,1.357538213165492,0.5,1,0.49218750000000006,0.05564161979303117
127,7,21,True,0.669875000000042,1.1008536520025791,0.843193548862086,0.843193548862086,0.25766010314049315,0.2340548197953287,standard,0.85,,1,0.9623932804311931,1.0,0,0.29687499999999994,1,0.9623932804311931,1.0,0,0.29687499999999994,1.1867952393797734
128,11,56,True,1.0802919999999272,1.6988921172670821,1.3481756013844564,1.3481756013844564,0.35071651588262576,0.20643836787400302,dim,0.45,,2,1.8260198793657416,1.0,0,0.5757812499999999,2,1.8260198793657416,1.0,0,0.5757812499999999,1.8616305331859255
129,6,21,True,0.5570420000000631,0.932324760730927,0.7277232145122174,0.6932600632966532,0.20460154621870952,0.21945308634547617,standard,0.65,,1,0.7955105475243832,1.0,0,0.27890624999999997,2,0.8146581756174751,1.0,0,0.6070312499999999,0.3567220182755081
130,11,56,True,0.5652910000000233,1.532519560535563,1.2131688033566794,1.2131688033566794,0.3193507571788836,0.20838282616587384,standard,0.25,,2,1.4208955079649033,1.0,0,0.5445312499999999,2,1.4208955079649033,1.0,0,0.5445312499999999,1.6545971774233545
131,6,5,True,0.44720899999983743,-0.0,0.0,-0.14370071384404826,0.0,0.0,standard,0.85,"metal,organic",0,0.0,1.0,0,0.0,1,-0.16391000195407066,0.0,1,0.29687499999999994,0.0
132,9,18,True,0.4494580000000692,-0.0,0.0,-0.450320683557044,0.0,0.0,standard,0.65,HDPE,0,0.0,1.0,0,0.0,2,-0.535933325651885,0.0,2,0.5757812499999999,0.1653837864650186
133,11,36,True,0.5283750000000254,1.4304728302962877,0.9319504167769419,0.9319504167769419,0.4985224135193458,0.3485018400636725,standard,0.25,organic,2,1.137228812182175,1.0,0,0.5757812499999999,2,1.137228812182175,1.0,0,0.5757812499999999,1.848813331130594
134,8,42,True,0.6624579999998659,1.8560860041808782,1.7290164744365795,1.7290164744365795,0.12706952974429875,0.06846101390672177,dim,0.45,,3,2.495682048913946,1.0,0,0.77890625,3,2.495682048913946,1.0,0,0.77890625,1.5108710358605304
135,7,30,True,0.67787500000005,0.8162721528740756,0.8160645582439378,0.8160645582439378,0.00020759463013786394,0.00025432036289236133,dim,0.45,hazard,2,1.5319328633721865,1.0,0,0.5445312499999999,2,1.5319328633721865,1.0,0,0.5445312499999999,0.3575201968996551
136,4,7,True,0.4125839999999936,-0.0,0.0,-0.09073295599263553,0.0,0.0,standard,0.65,,0,0.0,1.0,0,0.0,1,-0.032411824512457166,1.0,0,0.328125,0.0
137,4,12,True,0.4049580000000663,0.5538290399567396,0.5538290399567396,0.5538290399567396,0.0,0.0,standard,0.25,metal,2,0.995485080370252,1.0,0,0.61015625,2,0.995485080370252,1.0,0,0.61015625,0.0
138,4,12,True,0.4162089999999452,1.1531987576408704,1.1531987576408704,1.1531987576408704,0.0,0.0,standard,0.65,hazard,2,1.4822881583383256,1.0,0,0.5,2,1.4822881583383256,1.0,0,0.5,0.0
139,4,0,False,0.0,0.0,0.0,0.0,0.0,0.0,standard,0.65,"PET,hazard",0,0.0,1.0,0,0.0,0,0.0,1.0,0,0.0,0.0
140,12,63,True,0.7171249999999851,2.2227015146093785,1.3262714982657586,1.3262714982657586,0.8964300163436199,0.4033065215691636,standard,0.45,,2,1.5096530849869059,1.0,0,0.5773437499999999,2,1.5096530849869059,1.0,0,0.5773437499999999,3.3473550015850986
141,5,21,True,0.7247909999998914,0.910977635273378,0.6404526143427498,0.6404526143427498,0.27052502093062825,0.2969612100844227,standard,0.25,,1,0.7088878336025927,1.0,0,0.34453125,1,0.7088878336025927,1.0,0,0.34453125,0.778700605461306
142,11,49,True,0.6032500000001662,0.8829867598205469,0.7629147236696715,0.7629147236696715,0.12007203615087536,0.13598395991269235,standard,0.25,,2,1.040860976248147,1.0,0,0.54296875,2,1.040860976248147,1.0,0,0.54296875,0.7349526746956165
143,7,28,True,0.6393329999998532,2.5436640949527374,2.028948036880464,2.028948036880464,0.5147160580722732,0.20235221273657866,standard,0.65,,2,2.222294856566427,1.0,0,0.51328125,2,2.222294856566427,1.0,0,0.51328125,0.90399537264227
144,12,42,True,0.7296669999998784,1.5545916742954105,0.9607099033680097,0.9607099033680097,0.5938817709274008,0.38201785121264503,standard,0.45,,2,1.1951842864619124,1.0,0,0.5445312499999999,2,1.1951842864619124,1.0,0,0.5445312499999999,1.936363339077108
145,7,42,True,0.563499999999939,1.1330387121348084,1.0538161520795901,1.0538161520795901,0.07922256005521833,0.06992043538031599,standard,0.65,,3,1.7694257674455764,1.0,0,0.84453125,3,1.7694257674455764,1.0,0,0.84453125,0.22195205894164283
146,8,42,True,0.5352499999999871,1.3970398534690953,1.009237619898553,1.009237619898553,0.3878022335705422,0.2775885259161084,dim,0.25,organic,2,1.746220076663957,1.0,0,0.5773437499999999,2,1.746220076663957,1.0,0,0.5773437499999999,1.6302585160590484
147,12,32,True,0.5047089999998811,1.9260350751848956,1.7758463004488119,1.7758463004488119,0.15018877473608372,0.07797821372576295,standard,0.45,"glass,organic,hazard",2,1.9627298027213413,1.0,0,0.54296875,2,1.9627298027213413,1.0,0,0.54296875,0.6756641958746621
148,10,24,True,0.4322080000001005,0.4698754239515725,0.4698754239515725,0.3860516065098193,0.0,0.0,dim,0.25,PET,1,0.6437383698752474,1.0,0,0.328125,2,0.6275815943911458,1.0,0,0.57421875,0.5198451594162962
149,9,48,True,0.6573750000000711,0.9016131341759541,0.5508410651581973,0.4724381705678994,0.3507720690177568,0.38904942233162054,standard,0.25,HDPE,1,0.7557650868169911,1.0,0,0.24609375000000003,2,0.6218221274022672,0.5,1,0.51171875,0.651204893002166
150,4,18,True,0.520000000000076,0.7629195515619778,0.685421973185451,0.685421973185451,0.07749757837652682,0.10158027568943631,dim,0.25,PET,1,1.2855240751309573,1.0,0,0.234375,1,1.2855240751309573,1.0,0,0.234375,0.24472037637612476
151,6,28,True,0.6838750000000005,0.6073588271099291,0.5837015509441882,0.5837015509441882,0.02365727616574087,0.03895106996026093,standard,0.85,,1,0.7229781270970347,1.0,0,0.265625,1,0.7229781270970347,1.0,0,0.265625,0.7731402506375499
152,10,36,True,0.6129999999999747,1.1030461220407657,0.6187139265740592,0.5832679551847988,0.48433219546670647,0.43908607789730014,standard,0.85,organic,1,0.8700352562924646,1.0,0,0.265625,2,1.0032865376920375,1.0,0,0.61015625,1.5689751035710375
153,5,28,True,0.5080410000000146,1.4455558036992358,1.4197024789735764,1.4197024789735764,0.025853324725659377,0.017884695049128974,standard,0.25,,3,1.957961539817007,1.0,0,0.74765625,3,1.9579615398170067,1.0,0,0.74765625,0.2284974186471198
154,6,24,True,0.42258400000005913,0.4119876807887549,0.4119876807887549,0.398035278054225,0.0,0.0,standard,0.45,PET,1,0.6977336135135402,1.0,0,0.24609375000000003,2,0.7270390679033502,1.0,0,0.57421875,0.029305454389809915
155,6,12,True,0.39287499999995923,0.536720510626738,0.536720510626738,0.536720510626738,0.0,0.0,standard,0.85,organic,1,0.7485857253139303,1.0,0,0.29687499999999994,1,0.7485857253139303,1.0,0,0.29687499999999994,0.0
156,6,18,True,0.4170000000001117,0.10956912185365317,0.10956912185365317,-0.21978525898441267,0.0,0.0,standard,0.85,metal,1,0.18462615979757643,1.0,0,0.27890624999999997,2,-0.14489890567248262,0.5,1,0.51328125,0.008625665534874732
157,6,12,True,0.3841660000001301,1.6020059130422855,1.6020059130422855,1.6020059130422855,0.0,0.0,standard,0.65,metal,2,1.713783532603025,1.0,0,0.5445312499999999,2,1.713783532603025,1.0,0,0.5445312499999999,0.0
158,4,12,True,0.3793329999999262,0.8813006326018622,0.8813006326018622,0.8813006326018622,0.0,0.0,standard,0.85,glass,1,1.02248581528611,1.0,0,0.265625,1,1.02248581528611,1.0,0,0.265625,0.0
159,5,30,True,0.5019170000000184,1.139929797158197,0.8398386913648017,0.8398386913648017,0.30009110579339526,0.2632540236613793,standard,0.45,metal,2,1.0572399641701162,1.0,0,0.6070312499999999,2,1.0572399641701162,1.0,0,0.6070312499999999,0.9146104222508651
160,11,36,True,0.48441700000001475,0.871181044480223,0.6950110886781202,0.6180879124141314,0.17616995580210282,0.20221968432200216,dim,0.25,glass,1,0.9505311674035655,1.0,0,0.265625,2,0.9706355794328605,1.0,0,0.5773437499999999,0.788550413158901
161,6,35,True,0.4725830000000819,0.698937108590708,0.6542011503451007,0.6542011503451007,0.04473595824560728,0.06400569907614434,dim,0.65,,2,0.8562604208591146,1.0,0,0.57421875,2,0.8562604208591146,1.0,0,0.57421875,0.5674800811617361
162,5,7,True,0.37458300000015043,0.5847957798834728,0.5847957798834728,0.5847957798834728,0.0,0.0,standard,0.65,,1,0.8028109230959712,1.0,0,0.234375,1,0.8028109230959712,1.0,0,0.234375,0.0
163,10,24,True,0.47662499999989727,0.6822751376821519,0.5777250154170563,0.5777250154170563,0.10455012226509552,0.1532374792672011,standard,0.65,metal,1,0.6619358732520527,1.0,0,0.265625,1,0.6619358732520527,1.0,0,0.265625,0.40323562110695066
164,11,35,True,0.5488750000000042,1.9105102456917957,1.3331701088460082,1.3331701088460082,0.5773401368457876,0.3021915941815495,standard,0.85,,2,1.5407770937861216,1.0,0,0.6070312499999999,2,1.5407770937861216,1.0,0,0.6070312499999999,1.1669427761444535
165,8,18,True,0.5972499999999936,2.022362614591448,1.5445022449990837,1.5445022449990837,0.47786036959236444,0.23628817411110045,standard,0.85,metal,2,1.8613818071509274,1.0,0,0.5757812499999999,2,1.8613818071509274,1.0,0,0.5757812499999999,0.8088070575766968
166,6,24,True,0.506208000000008,1.0158301551134317,0.8211748480435247,0.8211748480435247,0.19465530706990697,0.1916219026281721,standard,0.85,PET,2,1.0319386183500612,1.0,0,0.6414062500000001,2,1.0319386183500612,1.0,0,0.6414062500000001,0.5758881654943546
167,9,24,True,0.4770000000000607,2.2674562711195207,2.136924238008917,2.136924238008917,0.13053203311060368,0.05756760770789002,standard,0.45,hazard,3,2.409092456195977,1.0,0,0.77890625,3,2.409092456195977,1.0,0,0.77890625,0.21361587867398635
168,10,48,True,0.52741700000003,1.4129313535017891,1.1086298277812237,1.1925793994358334,0.30430152572056546,0.21536893846002417,standard,0.25,metal,2,1.535644127783907,1.0,0,0.5460937499999999,3,1.9840368759888725,1.0,0,0.81171875,1.773825364253069
169,7,24,True,0.4239169999999959,0.7981344433578441,0.7981344433578441,0.5614149345017474,0.0,0.0,dim,0.85,metal,1,1.1028549701846553,1.0,0,0.234375,2,0.7680831193721482,0.5,1,0.46875,0.12955787864559132
170,11,35,True,0.5119169999998618,1.3645912927716697,1.0809465211450908,1.0809465211450908,0.28364477162657886,0.20786060495114103,standard,0.25,,2,1.4613069829686474,1.0,0,0.51171875,2,1.4613069829686474,1.0,0,0.51171875,0.5146915777181609
171,9,35,True,0.4639160000001752,0.188917060776605,0.10829400033201309,0.10829400033201309,0.08062306044459192,0.42676431717265034,standard,0.25,,2,0.41498831588091917,1.0,0,0.57421875,2,0.41498831588091917,1.0,0,0.57421875,0.2551218504801474
172,9,28,True,0.4196669999998459,0.05919529482430598,0.05919529482430598,0.05919529482430598,0.0,0.0,poor,0.85,,1,0.8585984738173702,1.0,0,0.265625,1,0.8585984738173702,1.0,0,0.265625,0.7103585699931181
173,9,54,True,0.4794580000000437,1.7462485925897697,1.7462485925897697,1.7462485925897697,0.0,0.0,standard,0.25,PET,3,2.5971589534181887,1.0,0,0.74609375,3,2.5971589534181887,1.0,0,0.74609375,0.0
174,10,36,True,0.47079199999999766,1.0414912523034785,1.0186002454153664,1.0186002454153664,0.022891006888112075,0.021979067839008503,standard,0.25,glass,2,1.3192642227494673,1.0,0,0.5445312499999999,2,1.3192642227494673,1.0,0,0.5445312499999999,0.3159897256818567
175,4,12,True,0.41004199999994384,0.8754018725505943,0.8754018725505943,0.7700511793812734,0.0,0.0,standard,0.65,cardboard,1,0.9813005475958375,1.0,0,0.265625,2,0.9458128276077158,1.0,0,0.61015625,0.0
176,11,63,True,0.592959000000004,2.3416341769264353,2.3416341769264353,2.3416341769264353,0.0,0.0,standard,0.45,,3,2.7077943710589563,1.0,0,0.84453125,3,2.7077943710589563,1.0,0,0.84453125,1.0751716132850588
177,7,6,True,0.5226659999999494,-0.0,0.0,-0.21498376453177193,0.0,0.0,standard,0.85,PET,0,0.0,1.0,0,0.0,1,-0.2684360702188992,0.0,1,0.29687499999999994,0.0
178,4,12,True,0.43604200000002535,-0.0,0.0,-0.39328460059529574,0.0,0.0,standard,0.85,PET,0,0.0,1.0,0,0.0,2,-0.3236144803774526,0.5,1,0.5773437499999999,0.0
179,7,14,True,0.4231670000001131,0.18029352546272628,0.18029352546272628,0.042782246951954234,0.0,0.0,standard,0.85,,1,0.251589620775642,1.0,0,0.34453125,2,0.10539846201983388,0.5,1,0.67265625,0.0
180,8,35,True,0.5262499999998393,0.6588723875797746,0.5058662795543934,0.3904937386679328,0.15300610802538117,0.23222419228618163,poor,0.65,,1,0.895731517014348,1.0,0,0.24609375000000003,2,0.9849325274903493,1.0,0,0.51171875,1.1634655666024865
181,10,35,True,0.5214579999999192,1.3010227291746173,1.1174696512913096,1.1174696512913096,0.18355307788330766,0.1410836826807443,standard,0.85,,2,1.6064572444410867,1.0,0,0.61015625,2,1.6064572444410867,1.0,0,0.61015625,1.0708285149730354
182,11,35,True,0.5377500000001145,2.015141365058229,1.5781322594436142,1.5781322594436142,0.4370091056146146,0.2168627537463045,standard,0.25,,2,1.9130721209464108,1.0,0,0.5757812499999999,2,1.9130721209464108,1.0,0,0.5757812499999999,0.8733705830026177
183,11,24,True,0.4865830000000404,1.9405590370830583,1.3305546906284063,1.0850590899764625,0.6100043464546521,0.3143446474947637,standard,0.85,HDPE,2,1.848529112300767,1.0,0,0.48046875,3,1.4867966814312725,0.6666666666666666,1,0.74609375,0.7408556648775617
184,9,14,True,0.4622089999999357,0.23461089898925885,0.23461089898925885,0.23461089898925885,0.0,0.0,standard,0.45,,2,0.4642254712197619,1.0,0,0.57421875,2,0.4642254712197619,1.0,0,0.57421875,0.0
185,9,35,True,0.520000000000076,0.8059108170045989,0.7416208653167017,0.7416208653167017,0.0642899516878972,0.07977303484627422,standard,0.45,,2,1.1066927362242696,1.0,0,0.5773437499999999,2,1.1066927362242696,1.0,0,0.5773437499999999,0.6922896516010237
186,8,36,True,0.505291999999935,1.8148139044068556,1.2766320887351035,1.2766320887351035,0.5381818156717522,0.2965493125024567,standard,0.65,HDPE,2,1.440710029215837,1.0,0,0.5445312499999999,2,1.440710029215837,1.0,0,0.5445312499999999,1.676649646577037
187,4,10,True,0.4001670000000068,0.5783936870105468,0.5783936870105468,0.26920172086330685,0.0,0.0,standard,0.25,"metal,organic",1,0.6785114602218696,1.0,0,0.328125,2,0.35171758519810414,0.5,1,0.57421875,0.0
188,6,15,True,0.5414580000000502,0.2814153983146678,0.1651290402902656,0.1651290402902656,0.11628635802440218,0.4132195989303161,standard,0.65,"organic,hazard",1,0.27576293280241804,1.0,0,0.265625,1,0.27576293280241804,1.0,0,0.265625,0.40408872606302837
189,8,6,True,0.40316600000012137,0.04056965734513486,0.04056965734513486,0.04056965734513486,0.0,0.0,dim,0.85,hazard,1,0.3738347814120986,1.0,0,0.265625,1,0.3738347814120986,1.0,0,0.265625,0.0
190,10,28,True,0.635084000000008,0.9601876390238292,0.5301824805725788,0.6707983207628095,0.4300051584512504,0.44783450752231446,dim,0.85,,1,0.8837328832706819,1.0,0,0.265625,2,1.170827960853709,1.0,0,0.5,1.8556072160994088
191,4,14,True,0.5419589999999808,0.18492727145723872,0.18492727145723872,0.11502819825940949,0.0,0.0,dim,0.45,,1,0.8748540654554224,1.0,0,0.27890624999999997,2,0.7378813867746119,0.5,1,0.5757812499999999,0.0
192,4,21,True,0.6070000000000242,0.7201451715340859,0.5232265960741024,0.5232265960741024,0.19691857545998348,0.273442887967295,dim,0.25,,1,1.0326046228374428,1.0,0,0.27890624999999997,1,1.0326046228374428,1.0,0,0.27890624999999997,0.8474895743142181
193,12,55,True,0.5821659999998285,2.1670404232738365,1.5624232122624022,1.5624232122624022,0.6046172110114343,0.2790059680095927,standard,0.25,"cardboard,metal",2,1.836755318716567,1.0,0,0.51328125,2,1.836755318716567,1.0,0,0.51328125,1.5559332170948528
194,11,48,True,0.49845800000003493,0.320695418762115,0.320695418762115,0.23303166648035653,0.0,0.0,dim,0.65,PET,1,0.7547191927907013,1.0,0,0.27890624999999997,2,0.6062183660569913,0.5,1,0.5757812499999999,0.028422405732391742
195,8,28,True,0.6441660000000571,0.708490816502998,0.708490816502998,0.708490816502998,0.0,0.0,standard,0.25,,2,1.0461894993011658,1.0,0,0.5757812499999999,2,1.0461894993011658,1.0,0,0.5757812499999999,0.007667738610674046
196,8,30,True,0.5366669999999907,0.7003492600400583,0.4048788274499138,0.4048788274499138,0.29547043259014444,0.42189011890045297,standard,0.25,"PET,cardboard",2,0.690251701829763,1.0,0,0.51328125,2,0.690251701829763,1.0,0,0.51328125,0.6007412002077691
197,10,36,True,0.46345799999980564,1.0271226937740088,1.0271226937740088,0.9957708390081597,0.0,0.0,standard,0.45,cardboard,2,1.3623403411278685,1.0,0,0.54296875,3,1.4075054513919487,1.0,0,0.7890625000000001,0.0864121411810137
198,12,42,True,0.46175000000014954,0.45636716583879594,0.45636716583879594,0.45636716583879594,0.0,0.0,standard,0.45,cardboard,2,0.9227416667749055,1.0,0,0.5773437499999999,2,0.9227416667749055,1.0,0,0.5773437499999999,0.0657241803740114
199,7,24,True,0.46641600000008054,0.31792133619656604,0.31792133619656604,0.31792133619656604,0.0,0.0,standard,0.25,glass,2,0.677641059689865,1.0,0,0.5757812499999999,2,0.677641059689865,1.0,0,0.5757812499999999,0.3191158384349799
200,10,49,True,0.5881249999999394,1.1286482756491028,1.013201006746016,1.013201006746016,0.11544726890308676,0.10228808335944277,dim,0.45,,2,1.4466142704527747,1.0,0,0.6414062500000001,2,1.4466142704527747,1.0,0,0.6414062500000001,1.31967451777516
201,9,56,True,0.822207999999991,1.8693895728879404,1.2203072964584551,1.4477101299590616,0.6490822764294852,0.34721616395171484,standard,0.65,,2,1.602733218734115,1.0,0,0.5445312499999999,2,1.66792482781877,1.0,0,0.61015625,2.2673876811510834
202,10,42,True,0.5544159999999465,0.6983198591082516,0.6983198591082516,0.6983198591082516,0.0,0.0,poor,0.45,,2,1.6578210482990667,1.0,0,0.5445312499999999,2,1.6578210482990667,1.0,0,0.5445312499999999,0.5076733668160784
203,7,15,True,0.4355840000000999,0.500202318330489,0.500202318330489,0.4466775627520562,0.0,0.0,dim,0.25,"cardboard,hazard",1,0.7050954555315326,1.0,0,0.29687499999999994,2,0.7208772400976854,1.0,0,0.6085937499999999,0.015781784566152757
204,5,28,True,0.7041249999999444,1.4737394296105746,1.4737394296105746,1.4737394296105746,0.0,0.0,standard,0.85,,3,1.7708589835507418,1.0,0,0.81171875,3,1.7708589835507418,1.0,0,0.81171875,0.8722450418663912
205,10,35,True,0.6140840000001813,1.272204510461542,0.7875277605874618,0.75746897384031,0.48467674987408027,0.3809739282391357,standard,0.45,,1,1.0446975836924113,1.0,0,0.29687499999999994,2,1.060150825039584,1.0,0,0.6085937499999999,0.8046870934104262
206,9,28,True,0.4530000000000367,0.14898322620203722,0.14898322620203722,0.09904717462769064,0.0,0.0,dim,0.85,,1,0.5123548209026267,1.0,0,0.328125,2,0.5147217309856319,1.0,0,0.6070312499999999,0.48658391222779873
207,8,21,True,0.557957999999914,0.14067937529662003,0.14067937529662003,0.14067937529662003,0.0,0.0,standard,0.85,,1,0.4188885363209442,1.0,0,0.328125,1,0.4188885363209442,1.0,0,0.328125,0.017172155688482238
208,6,14,True,0.4441669999999398,-0.0,0.0,-0.0916108090327322,0.0,0.0,dim,0.45,,0,0.0,1.0,0,0.0,2,0.04879601220453381,1.0,0,0.5773437499999999,0.04879601220453381
209,9,49,True,0.6325000000000358,1.7259702509078672,1.7259702509078667,1.7259702509078667,4.440892098500626e-16,2.5729829909667905e-16,standard,0.45,,3,2.2992420225416206,1.0,0,0.7789062499999999,3,2.2992420225416206,1.0,0,0.7789062499999999,0.6989976398974767
210,9,28,True,0.5076669999999339,1.9293002388393838,1.7186062246917404,1.7186062246917404,0.21069401414764344,0.10920747839350883,standard,0.45,,3,1.9988402829917242,1.0,0,0.7789062499999999,3,1.9988402829917242,1.0,0,0.7789062499999999,0.4027414426183089
211,7,14,True,0.4913339999998989,1.1156544752600663,0.9159128818404005,0.9159128818404005,0.1997415934196658,0.17903535355164935,standard,0.25,,1,1.1081383387184123,1.0,0,0.234375,1,1.1081383387184123,1.0,0,0.234375,0.3310887053098177
212,5,28,True,0.4418330000000026,0.7597653098351307,0.7597653098351307,0.7597653098351307,0.0,0.0,standard,0.45,,2,1.0807251973699488,1.0,0,0.61015625,2,1.0807251973699488,1.0,0,0.61015625,0.0
213,9,49,True,0.6276249999999095,2.232549141401142,1.696248618583582,1.696248618583582,0.5363005228175601,0.24021891069371012,standard,0.45,,2,1.8883612609771017,1.0,0,0.6070312499999999,2,1.8883612609771017,1.0,0,0.6070312499999999,1.2388660484898197
214,5,7,True,0.446541000000078,0.05455779732883963,0.05455779732883963,0.05455779732883963,0.0,0.0,standard,0.45,,1,0.33380567509262543,1.0,0,0.265625,1,0.33380567509262543,1.0,0,0.265625,0.0
215,5,6,True,0.43241700000007377,-0.0,0.0,-0.10538893282965073,0.0,0.0,standard,0.45,organic,0,0.0,1.0,0,0.0,1,0.059819901600246396,1.0,0,0.34453125,0.059819901600246396
216,11,42,True,0.5318750000000705,1.9711913671562644,1.2233077647629662,1.6879825022336838,0.7478836023932982,0.3794068982111215,standard,0.45,glass,1,1.4226581785170114,1.0,0,0.234375,3,2.3145823155146927,1.0,0,0.84453125,2.600898351299503
217,12,63,True,0.6468330000000133,2.159686096093111,1.485254177568144,1.5554965718300864,0.674431918524967,0.31228238202997166,standard,0.85,,2,1.5752979341068605,1.0,0,0.51328125,3,1.9773965784677172,1.0,0,0.74765625,1.9119440523993048
218,8,42,True,0.5123750000000094,1.8584733287000497,1.2828489204045603,1.2069781478760575,0.5756244082954893,0.30972971169735464,standard,0.45,,1,1.3207925088313,1.0,0,0.234375,3,1.5400849061345863,1.0,0,0.77890625,1.3389252166697772
219,12,35,True,0.4570830000001358,0.21324558393451565,0.21324558393451565,0.21324558393451565,0.0,0.0,poor,0.65,,2,0.9422144507513565,1.0,0,0.61015625,2,0.9422144507513565,1.0,0,0.61015625,0.717031229279243
220,4,18,True,0.584416000000143,0.36335968915271205,0.23642786446281078,0.16475033318777965,0.12693182468990127,0.34932830602613885,standard,0.65,metal,1,0.5876148665369156,1.0,0,0.27890624999999997,2,0.5637959731785787,1.0,0,0.5757812499999999,0.5265932675707174
221,11,30,True,0.49562500000011056,0.4078489326917621,0.3898454000561512,0.3898454000561512,0.018003532635610886,0.04414264986986572,dim,0.25,cardboard,1,0.6622992237571981,1.0,0,0.265625,1,0.6622992237571981,1.0,0,0.265625,1.0129070624016507
222,12,56,True,0.5819999999998604,1.5896872019089456,1.0347332971760714,1.0347332971760714,0.5549539047328742,0.34909629017989724,standard,0.25,,2,1.5640611656172307,1.0,0,0.5757812499999999,2,1.5640611656172307,1.0,0,0.5757812499999999,2.3541663145177525
223,9,42,True,0.6249170000001136,0.7692620440717544,0.7133624803257864,0.7133624803257864,0.05589956374596794,0.07266647844743242,dim,0.45,,2,1.2452333627311183,1.0,0,0.67265625,2,1.2452333627311183,1.0,0,0.67265625,0.281565655779781
224,9,30,True,0.4833339999998909,-0.0,0.0,-0.23297117950284285,0.0,0.0,standard,0.85,"PET,cardboard",0,0.0,1.0,0,0.0,2,-0.21735005231881604,0.5,1,0.5757812499999999,0.027364301583144603
225,12,36,True,0.4566670000001327,0.08561585631041523,0.08561585631041523,0.07985648513944252,0.0,0.0,standard,0.65,cardboard,1,0.3567849327009575,1.0,0,0.265625,2,0.37282636813326386,1.0,0,0.5773437499999999,0.01604143543230635
226,10,49,True,0.46083299999999383,0.6446268170933898,0.6446268170933898,0.6446268170933898,0.0,0.0,dim,0.85,,2,1.197438810969163,1.0,0,0.6085937499999999,2,1.197438810969163,1.0,0,0.6085937499999999,0.21611883254565933
227,7,0,False,0.0,0.0,0.0,0.0,0.0,0.0,dim,0.85,metal,0,0.0,1.0,0,0.0,0,0.0,1.0,0,0.0,0.0
228,12,48,True,0.6199170000000809,2.8076426274036232,2.4421239944731234,2.4421239944731234,0.3655186329304998,0.13018702215264283,dim,0.25,hazard,3,3.838210617639607,1.0,0,0.71484375,3,3.838210617639607,1.0,0,0.71484375,2.8122041921603147
229,4,18,True,0.4511250000001077,1.369667272059511,1.369667272059511,1.369667272059511,0.0,0.0,standard,0.25,cardboard,2,1.6297761030775062,1.0,0,0.49218750000000006,2,1.6297761030775062,1.0,0,0.49218750000000006,0.0
230,11,35,True,0.5751249999998986,1.1535335795073927,1.0187207075254134,1.0187207075254134,0.13481287198197922,0.1168694820653162,dim,0.85,,2,1.5639036168804195,1.0,0,0.51171875,2,1.5639036168804195,1.0,0,0.51171875,0.6928174779851077
231,7,24,True,0.5289159999999349,1.3590132022171815,1.354816522041061,1.354816522041061,0.004196680176120404,0.003088034883894925,poor,0.85,HDPE,3,3.1721509143866466,1.0,0,0.81328125,3,3.1721509143866466,1.0,0,0.81328125,0.48904406754032426
232,11,42,True,0.7014999999999105,0.9028092875738962,0.8713267978838823,0.8713267978838823,0.03148248969001388,0.03487169452433994,standard,0.65,,2,1.296073586478562,1.0,0,0.51171875,2,1.296073586478562,1.0,0,0.51171875,0.2798196183801922
233,11,42,True,1.583583000000166,1.2029660231924448,0.9958304002768421,0.9958304002768421,0.20713562291560272,0.1721874258475762,dim,0.65,,2,1.2553587142957197,1.0,0,0.6085937499999999,2,1.2553587142957197,1.0,0,0.6085937499999999,1.184630627500514
234,9,42,True,0.7120419999999683,0.8713021174519053,0.7979177815490535,0.7979177815490535,0.07338433590285187,0.08422375480672763,dim,0.65,,2,1.4584233471172467,1.0,0,0.5757812499999999,2,1.4584233471172467,1.0,0,0.5757812499999999,0.7697223711090153
235,6,35,True,5.7373750000000445,2.4832596137780367,2.021567597032587,2.021567597032587,0.4616920167454497,0.1859217675767015,standard,0.65,,3,2.3694446601737478,1.0,0,0.7789062499999999,3,2.3694446601737478,1.0,0,0.7789062499999999,1.198901307947033
236,9,30,True,0.7902920000000258,0.27623551438642824,0.268953412387135,0.268953412387135,0.0072821019992932445,0.026361932554067793,standard,0.65,glass,2,0.5740198357177051,1.0,0,0.6070312499999999,2,0.5740198357177051,1.0,0,0.6070312499999999,0.30205895166451247
237,5,6,True,0.5042079999999505,-0.0,0.0,-0.2852157730752344,0.0,0.0,standard,0.25,PET,0,0.0,1.0,0,0.0,1,-0.30037744659127613,0.0,1,0.31171875,0.0
238,10,42,True,0.6427920000000586,1.109134963403375,0.9376635326563713,0.9376635326563713,0.17147143074700366,0.15459924752605803,standard,0.65,,2,1.2513550550050043,1.0,0,0.5445312499999999,2,1.2513550550050043,1.0,0,0.5445312499999999,0.26350516808587976
239,6,14,True,0.7103749999999298,0.5378581851247595,0.3026274545559582,0.3026274545559582,0.23523073056880128,0.4373471243432655,poor,0.65,,1,0.8024206122825596,1.0,0,0.265625,1,0.8024206122825596,1.0,0,0.265625,0.9660580214643412
240,9,49,True,3.673916999999971,0.5469379397757261,0.44494424481571826,0.2567076481076377,0.10199369496000787,0.1864812943893246,standard,0.25,,2,0.8234754416711905,1.0,0,0.6414062500000001,2,0.3930566880158779,1.0,0,0.67265625,0.6785571136903574
241,7,7,True,0.5853749999999991,0.3579377335591679,0.3579377335591679,0.3579377335591679,0.0,0.0,poor,0.85,,1,0.6944051450209245,1.0,0,0.34453125,1,0.6944051450209245,1.0,0,0.34453125,0.0
242,9,35,True,0.5405410000001165,0.6854590437463439,0.5912536796097662,0.5912536796097662,0.09420536413657776,0.137433979456603,standard,0.45,,2,0.8276598031094118,1.0,0,0.67265625,2,0.8276598031094118,1.0,0,0.67265625,0.5575539497213382
243,9,36,True,0.5727920000000442,1.0038215804730295,0.8452480952558695,0.8452480952558695,0.15857348521715997,0.1579697909487417,dim,0.25,metal,2,1.5090814055132258,1.0,0,0.5773437499999999,2,1.5090814055132258,1.0,0,0.5773437499999999,1.1233369225867738
244,11,42,True,0.6130420000001191,4.472321779340728,4.210177466923736,4.210177466923736,0.262144312416992,0.05861481470942708,standard,0.85,organic,3,4.674649210045997,1.0,0,0.71484375,3,4.674649210045997,1.0,0,0.71484375,2.819200800841978
245,4,21,True,0.5132080000000983,0.4040118071382608,0.3014269211806672,0.3014269211806672,0.10258488595759357,0.2539155642114365,standard,0.25,,2,0.4533030638344664,1.0,0,0.67265625,2,0.4533030638344664,1.0,0,0.67265625,0.26267827363052554
246,8,30,True,0.6070000000000242,1.60484482378844,1.5301640199546456,1.5301640199546456,0.0746808038337945,0.046534594950744815,standard,0.85,cardboard,2,2.188660756668706,1.0,0,0.46875,2,2.188660756668706,1.0,0,0.46875,1.6545432854134088
247,5,20,True,0.5981660000000666,1.076211210464328,0.6097187346465052,0.48432004150074603,0.4664924758178228,0.43345810867046825,standard,0.45,"HDPE,metal",1,0.6452288072948852,1.0,0,0.27890624999999997,2,0.6195560153843521,1.0,0,0.5757812499999999,1.1323012350124309
248,12,36,True,0.7920420000000483,3.1988286183631427,3.1520657874934725,3.1520657874934725,0.04676283086967015,0.014618735933905372,standard,0.25,glass,3,3.4456823678709303,1.0,0,0.74765625,3,3.4456823678709303,1.0,0,0.74765625,1.038626656830727
249,9,35,True,0.6942500000000074,2.407804624014073,2.337552320523134,2.337552320523134,0.07025230349093903,0.029176911943054905,standard,0.65,,3,2.9082499168324447,1.0,0,0.71484375,3,2.9082499168324447,1.0,0,0.71484375,1.1294792387365704
250,9,28,True,0.5974170000000445,1.3438533837641549,0.8345820957894969,0.8345820957894969,0.5092712879746579,0.3789634301832696,standard,0.65,,2,1.061219805912676,1.0,0,0.5445312499999999,2,1.061219805912676,1.0,0,0.5445312499999999,0.7519290225169155
251,6,7,True,0.5049580000000553,0.1425435950931221,0.1425435950931221,0.1425435950931221,0.0,0.0,standard,0.85,,1,0.21262490615183974,1.0,0,0.24609375000000003,1,0.21262490615183974,1.0,0,0.24609375000000003,0.0
252,5,18,True,0.6220420000000448,2.37746161104022,2.37746161104022,2.37746161104022,0.0,0.0,standard,0.85,hazard,2,2.779576247841327,1.0,0,0.46875,2,2.779576247841327,1.0,0,0.46875,0.0
253,9,49,True,0.6370419999999211,2.857771477837917,2.7406062755877114,2.7406062755877114,0.11716520225020544,0.04099880034454268,standard,0.25,,3,3.0903064965405793,1.0,0,0.7804687499999999,3,3.0903064965405793,1.0,0,0.7804687499999999,2.939684920286239
254,7,21,True,0.7548750000001547,0.18627378332118288,0.18627378332118288,0.12071682675021145,0.0,0.0,dim,0.25,,1,0.5774877233684399,1.0,0,0.234375,3,0.6230267000161933,1.0,0,0.81171875,0.045538976647753415
255,10,35,True,0.6325000000000358,0.4857695844956301,0.4857695844956301,0.4562541991488537,0.0,0.0,poor,0.85,,2,1.6024044072837267,1.0,0,0.5,3,1.919328479098406,1.0,0,0.77890625,0.3782659395062866
256,7,28,True,0.6549169999998661,1.018548574018362,0.5440965785190484,0.5440965785190484,0.4744519954993136,0.4658118499223979,dim,0.65,,1,0.8857649235142688,1.0,0,0.265625,1,0.8857649235142688,1.0,0,0.265625,1.9121066444081631
257,7,49,True,1.0726249999999382,1.9302980161048566,1.406825001494257,1.406825001494257,0.5234730146105997,0.27118766648629444,standard,0.45,,2,1.5445060974123783,1.0,0,0.5757812499999999,2,1.5445060974123783,1.0,0,0.5757812499999999,1.2189268153543846
258,10,35,True,0.8412079999999822,0.8561109456442526,0.692148496984152,0.692148496984152,0.16396244866010057,0.19152009385502394,standard,0.25,,3,1.1106802661745756,1.0,0,0.7789062499999999,3,1.1106802661745756,1.0,0,0.7789062499999999,0.3314496989853415
259,9,49,True,0.6953329999999092,2.314922230297949,1.6354969405588409,1.6354969405588409,0.679425289739108,0.29349810583125313,standard,0.25,,2,1.754737053533501,1.0,0,0.5773437499999999,2,1.754737053533501,1.0,0,0.5773437499999999,1.5834599014598758
260,12,42,True,0.53974999999995,1.3907811748569356,1.3886244279250253,1.3886244279250253,0.0021567469319103694,0.001550744984833596,standard,0.45,,3,2.214199850065015,1.0,0,0.77890625,3,2.214199850065015,1.0,0,0.77890625,0.062101634311768183
261,8,49,True,0.5694579999999672,1.0702623665177904,0.9054407545872022,0.9054407545872022,0.1648216119305882,0.1540011282157406,standard,0.65,,2,1.1911939099029287,1.0,0,0.5757812499999999,2,1.1911939099029287,1.0,0,0.5757812499999999,1.3582373450958323
262,8,35,True,0.5130420000001301,4.436835242358881,3.4187294362304157,3.4187294362304157,1.0181058061284651,0.22946666948741162,standard,0.85,,3,4.045439952094912,1.0,0,0.71484375,3,4.045439952094912,1.0,0,0.71484375,1.6733905728268237
263,8,24,True,0.4807500000001408,0.8784574235743438,0.8621753924512453,0.6744103486285993,0.01628203112309845,0.018534798256754106,standard,0.65,cardboard,1,0.9332675209036968,1.0,0,0.29687499999999994,2,0.7240352244683481,0.5,1,0.6414062500000001,0.032081826960373094
264,12,42,True,0.6777500000001435,0.6708066013559584,0.5245472726769371,0.5245472726769371,0.14625932867902125,0.21803501692346922,standard,0.85,,2,0.7166423719832709,1.0,0,0.57421875,2,0.7166423719832709,1.0,0,0.57421875,0.8195578536624804
265,12,56,True,0.6388749999999277,2.6241161940630366,1.6887147181059317,1.8211288952999718,0.935401475957105,0.3564634363651333,standard,0.65,,2,1.9501061024501756,1.0,0,0.5445312499999999,3,2.233337322743287,1.0,0,0.7789062499999999,2.5168034532154193
266,12,21,True,0.5767500000000148,1.3557155167846069,1.352961342665378,1.352961342665378,0.002754174119228958,0.002031528064059575,standard,0.45,,2,1.9130281717605846,1.0,0,0.46875,2,1.9130281717605846,1.0,0,0.46875,0.4197029397910974
267,6,35,True,0.5327500000000818,1.8532723629387493,1.5669813357159967,1.5669813357159967,0.28629102722275257,0.1544786578313716,standard,0.25,,2,1.816624523121969,1.0,0,0.5445312499999999,2,1.816624523121969,1.0,0,0.5445312499999999,1.298930408203003
268,6,21,True,0.5433749999999016,0.4999064268822264,0.4999064268822264,0.4999064268822264,0.0,0.0,dim,0.65,,2,1.2443054216966758,1.0,0,0.6414062500000001,2,1.2443054216966758,1.0,0,0.6414062500000001,0.3235885257200102
269,11,42,True,0.6199580000001426,1.2272050749867702,0.9403865808715294,0.9403865808715294,0.28681849411524085,0.2337168415949819,standard,0.65,,2,1.0778032764269283,1.0,0,0.6414062500000001,2,1.0778032764269283,1.0,0,0.6414062500000001,1.423481338806425
270,6,28,True,0.512000000000068,1.6260781174534191,0.9745586134255588,0.9745586134255588,0.6515195040278603,0.40066925262372816,standard,0.85,,2,1.2012727514175336,1.0,0,0.61015625,2,1.2012727514175336,1.0,0,0.61015625,1.1875806468495032
271,7,21,True,0.42729200000013456,1.3286586245606495,1.3286586245606495,1.3286586245606495,0.0,0.0,standard,0.45,,2,1.8123327168542276,1.0,0,0.6414062500000001,2,1.8123327168542276,1.0,0,0.6414062500000001,0.0
272,12,48,True,0.6275420000001475,1.4112497956437724,0.9197597204457724,0.9197597204457724,0.49149007519800003,0.3482658255931198,dim,0.25,hazard,2,1.6807859179767481,1.0,0,0.51171875,2,1.6807859179767481,1.0,0,0.51171875,2.611800683351448
273,10,35,True,0.49854200000010174,0.914585950462278,0.2305280452531607,0.7838546162297585,0.6840579052091172,0.7479427219096901,standard,0.65,,2,0.5644314477771216,1.0,0,0.61015625,2,0.9089667812077739,1.0,0,0.67265625,1.4319757680995417
274,10,56,True,0.6241250000000864,2.073957892248586,1.9225608818211946,1.9225608818211946,0.15139701042739162,0.07299907630392964,standard,0.25,,3,2.220583366711899,1.0,0,0.81171875,3,2.2205833667118995,1.0,0,0.81171875,1.0789632803964442
275,6,21,True,0.559832999999843,0.31691278554701807,0.31691278554701807,0.20167851747708385,0.0,0.0,poor,0.65,,1,0.701651039458664,1.0,0,0.265625,2,0.6933319642526987,1.0,0,0.61015625,0.0
276,10,28,True,0.5026249999999788,0.6477229972398941,0.48431537637177063,0.48431537637177063,0.1634076208681235,0.2522800974559237,standard,0.85,,2,0.9490533809958583,1.0,0,0.5445312499999999,2,0.9490533809958583,1.0,0,0.5445312499999999,0.32914455654956787
277,6,14,True,0.44729200000004354,0.7765829266612058,0.7765829266612058,0.7765829266612058,0.0,0.0,standard,0.25,,1,1.0078247278908599,1.0,0,0.29687499999999994,1,1.0078247278908599,1.0,0,0.29687499999999994,0.9620698208236562
278,12,35,True,0.537875000000021,1.828853436604735,1.3213466003081091,1.3213466003081091,0.507506836296626,0.2775000041768311,standard,0.65,,2,1.6610725834520563,1.0,0,0.6070312499999999,2,1.6610725834520563,1.0,0,0.6070312499999999,0.9855231785819485
279,6,36,True,0.6192080000000377,0.24059156822618888,0.21339222162996488,0.15226725419297427,0.027199346596224,0.11305195272118973,standard,0.45,HDPE,1,0.2848440888252439,1.0,0,0.328125,2,0.40861421984612445,1.0,0,0.67265625,0.2926568266789602
280,4,21,True,0.46520800000005025,0.10987757908397898,0.07041461999024655,0.04624958367253823,0.03946295909373243,0.35915388219075206,standard,0.25,,1,0.2540365230121332,1.0,0,0.31171875,2,0.275928561766388,1.0,0,0.6085937499999999,0.2230236667612437
281,5,14,True,0.398208000000011,0.35901480904702715,0.35901480904702715,0.3381341101798815,0.0,0.0,standard,0.25,,1,0.6425874042312257,1.0,0,0.27890624999999997,2,0.6616342628244086,1.0,0,0.5757812499999999,0.01904685859318289
282,8,24,True,0.5158750000000545,1.7647593831171098,1.327691818904523,1.327691818904523,0.43706756421258675,0.24766411126291366,standard,0.65,glass,2,1.6377377010692606,1.0,0,0.51171875,2,1.6377377010692606,1.0,0,0.51171875,0.80847894010341
283,9,49,True,0.5492499999999456,1.8946547863543475,1.528199990219477,1.528199990219477,0.36645479613487053,0.19341507422573517,standard,0.25,,2,2.0814914822221544,1.0,0,0.57421875,2,2.0814914822221544,1.0,0,0.57421875,1.1506176703327315
284,6,35,True,0.5053329999999967,0.9961200742660018,0.6811742520065734,0.6718094466754929,0.31494582225942835,0.31617254826582875,standard,0.45,,1,0.8203077425559472,1.0,0,0.265625,2,0.9468170118297201,1.0,0,0.5,1.2049526784031839
285,6,7,True,0.3797079999998676,-0.0,0.0,-0.01599710800390816,0.0,0.0,standard,0.85,,0,0.0,1.0,0,0.0,1,0.27867283168795254,1.0,0,0.27890624999999997,0.27867283168795254
286,8,49,True,0.5713750000000406,2.1978793023629297,1.672768696780808,1.672768696780808,0.5251106055821217,0.23891694371823685,standard,0.25,,2,1.961203151141278,1.0,0,0.5757812499999999,2,1.961203151141278,1.0,0,0.5757812499999999,1.5246528072665209
287,7,24,True,0.508082999999937,1.406118838912129,1.2679401325095203,1.2679401325095203,0.13817870640260876,0.09826957905600169,standard,0.45,cardboard,2,1.5916072953894116,1.0,0,0.5445312499999999,2,1.5916072953894116,1.0,0,0.5445312499999999,0.24162753593331443
288,7,28,True,0.48741699999999,1.2117786174592955,0.9594334686225792,0.9594334686225792,0.2523451488367163,0.20824360588718901,dim,0.45,,2,1.5483037668941997,1.0,0,0.6398437499999999,2,1.5483037668941997,1.0,0,0.6398437499999999,0.747563789596059
289,7,21,True,0.46679199999988263,0.6081021562462832,0.5989334348154529,0.5989334348154529,0.009168721430830251,0.015077600591695472,standard,0.85,,2,0.7268265733825275,1.0,0,0.57421875,2,0.7268265733825275,1.0,0,0.57421875,0.035047607952629733
290,5,14,True,0.595750000000006,0.15099367964608806,0.15099367964608806,0.09983384845963021,0.0,0.0,dim,0.85,,1,0.3345798853820621,1.0,0,0.328125,2,0.35279232000784433,1.0,0,0.6398437499999999,0.018212434625782203
291,10,30,True,0.5033750000000836,0.4318978695841529,0.4318978695841529,0.35709100628182533,0.0,0.0,dim,0.85,PET,2,1.09640228852043,1.0,0,0.5,3,1.113146688419402,1.0,0,0.81171875,0.12622423223782753
292,6,30,True,0.5682080000000145,0.22034229516550713,0.22034229516550713,0.16024200971393182,0.0,0.0,standard,0.25,cardboard,1,0.3976201146129124,1.0,0,0.265625,2,0.44538032604217254,1.0,0,0.5773437499999999,0.047760211429260124
293,9,42,True,0.6033750000000726,2.599806924620933,1.939148547538871,1.939148547538871,0.6606583770820622,0.25411824656109416,standard,0.65,,2,2.276642717892706,1.0,0,0.54296875,2,2.276642717892706,1.0,0,0.54296875,1.9820749767826662
294,5,28,True,0.43362500000010407,1.219312742233611,1.219312742233611,1.219312742233611,0.0,0.0,standard,0.25,,2,1.5493285981874432,1.0,0,0.51328125,2,1.5493285981874432,1.0,0,0.51328125,0.0
295,5,7,True,0.383749999999905,-0.0,0.0,-0.14653560490966094,0.0,0.0,standard,0.45,,0,0.0,1.0,0,0.0,1,-0.1544497279038518,0.0,1,0.31171875,0.0
296,5,21,True,0.4672079999998857,0.7579866070882424,0.601935054281662,0.601935054281662,0.15605155280658034,0.20587639853696427,standard,0.65,,2,0.6787268454031071,1.0,0,0.51171875,2,0.6787268454031071,1.0,0,0.51171875,0.28559161496515595
297,6,18,True,0.463749999999985,0.0009107833044268154,0.0009107833044268154,-0.03899188914296842,0.0,0.0,standard,0.45,PET,1,0.016241878680265713,1.0,0,0.29687499999999994,2,0.03989911143744616,1.0,0,0.54296875,0.023657232757180444
298,6,10,True,0.4034580000000787,1.0175849075120509,1.0175849075120509,1.0045546960554759,0.0,0.0,standard,0.25,"glass,hazard",1,1.1970437479721017,1.0,0,0.328125,2,1.2137467273267764,1.0,0,0.67265625,0.016702979354674685
299,6,12,True,0.39641600000006605,0.000520292888188903,0.000520292888188903,0.000520292888188903,0.0,0.0,standard,0.65,organic,1,0.14825778650482613,1.0,0,0.265625,1,0.14825778650482613,1.0,0,0.265625,0.0
